{"$schema":"http://schema.management.azure.com/schemas/2015-01-01/deploymentTemplate.json#","contentVersion":"1.0.0.0","parameters":{"ProjectWarehouse":{"type":"string"}},"variables":{},"resources":[{"name":"pl_pres_processing_nyctaxi","type":"pipelines","apiVersion":"2018-06-01","properties":{"activities":[{"name":"Process to Presentation","type":"RefreshDataflow","dependsOn":[],"policy":{"timeout":"0.12:00:00","retry":0,"retryIntervalInSeconds":30,"secureOutput":false,"secureInput":false},"typeProperties":{"dataflowId":"98ac1e28-3bf4-40ce-9fbe-e472d22c71cb","workspaceId":"ce1e593f-8e29-405b-b905-2d0e07911ba5","notifyOption":"NoNotification","dataflowType":"DataflowFabric"}},{"name":"SP Loading Presentation Metadata","type":"SqlServerStoredProcedure","dependsOn":[{"activity":"Process to Presentation","dependencyConditions":["Succeeded"]}],"policy":{"timeout":"0.12:00:00","retry":0,"retryIntervalInSeconds":30,"secureOutput":false,"secureInput":false},"typeProperties":{"storedProcedureName":"[[metadata].[insert_presentation_metadata]","storedProcedureParameters":{"pipeline_run_id":{"value":{"value":"@pipeline().RunId","type":"Expression"},"type":"String"},"processed_date":{"value":{"value":"@pipeline().TriggerTime","type":"Expression"},"type":"DateTime"},"table_name":{"value":"presentation_nyctaxi_yellow","type":"String"}}},"linkedService":{"name":"ProjectWarehouse","properties":{"annotations":[],"type":"DataWarehouse","typeProperties":{"endpoint":"aiqivtupirme7avr3bxxhy5p3u-h5mr5trjrznuboiffuhapei3uu.datawarehouse.fabric.microsoft.com","artifactId":"[parameters('ProjectWarehouse')]","workspaceId":"ce1e593f-8e29-405b-b905-2d0e07911ba5"}}}}],"lastModifiedByObjectId":"96887889-88fa-423f-bce3-b29fd9615747","lastPublishTime":"2025-06-08T20:31:05Z"},"dependsOn":[]}]}