{"$schema":"http://schema.management.azure.com/schemas/2015-01-01/deploymentTemplate.json#","contentVersion":"1.0.0.0","parameters":{"ProjectLakehouse":{"type":"string"},"ProjectWarehouse":{"type":"string"}},"variables":{},"resources":[{"name":"pl_stg_lookup","type":"pipelines","apiVersion":"2018-06-01","properties":{"activities":[{"name":"Copy Lookup Table","type":"Copy","dependsOn":[],"policy":{"timeout":"0.12:00:00","retry":0,"retryIntervalInSeconds":30,"secureOutput":false,"secureInput":false},"typeProperties":{"source":{"type":"DelimitedTextSource","storeSettings":{"type":"LakehouseReadSettings","recursive":true,"enablePartitionDiscovery":false},"formatSettings":{"type":"DelimitedTextReadSettings"},"datasetSettings":{"annotations":[],"linkedService":{"name":"ProjectLakehouse","properties":{"annotations":[],"type":"Lakehouse","typeProperties":{"workspaceId":"ce1e593f-8e29-405b-b905-2d0e07911ba5","artifactId":"[parameters('ProjectLakehouse')]","rootFolder":"Files"}}},"type":"DelimitedText","typeProperties":{"location":{"type":"LakehouseLocation","fileName":"taxi_zone_lookup.csv","folderPath":"nyctaxi_lookup_zones"},"columnDelimiter":",","escapeChar":"\\","firstRowAsHeader":true,"quoteChar":"\""},"schema":[]}},"sink":{"type":"DataWarehouseSink","allowCopyCommand":true,"copyCommandSettings":{},"tableOption":"autoCreate","datasetSettings":{"annotations":[],"linkedService":{"name":"ProjectWarehouse","properties":{"annotations":[],"type":"DataWarehouse","typeProperties":{"endpoint":"aiqivtupirme7avr3bxxhy5p3u-h5mr5trjrznuboiffuhapei3uu.datawarehouse.fabric.microsoft.com","artifactId":"[parameters('ProjectWarehouse')]","workspaceId":"ce1e593f-8e29-405b-b905-2d0e07911ba5"}}},"type":"DataWarehouseTable","schema":[],"typeProperties":{"schema":"stg","table":"taxi_zone_lookup"}}},"enableStaging":true,"translator":{"type":"TabularTranslator","typeConversion":true,"typeConversionSettings":{"allowDataTruncation":true,"treatBooleanAsNumber":false}}}}],"lastModifiedByObjectId":"96887889-88fa-423f-bce3-b29fd9615747","lastPublishTime":"2025-06-08T03:47:59Z"},"dependsOn":[]}]}